[
  {
    "id": 1,
    "img": "./image/1.jpg",
    "desc": "广阔的就业推荐机会",
    "link": "http://www.zhufengpeixun.cn/"
  },
  {
    "id": 2,
    "img": "./image/2.jpg",
    "desc": "梦想起飞从选择珠峰培训开始",
    "link": "http://www.zhufengpeixun.cn/"
  },
  {
    "id": 3,
    "img": "./image/3.jpg",
    "desc": "把握未来，掌握先机",
    "link": "http://www.zhufengpeixun.cn/"
  },
  {
    "id": 4,
    "img": "./image/4.jpg",
    "desc": "先学习，后交费，学不好，不收费",
    "link": "http://www.zhufengpeixun.cn/"
  },
  {
    "id": 5,
    "img": "./image/5.jpg",
    "desc": "先学习，后交费，学不好，不收费",
    "link": "http://www.zhufengpeixun.cn/"
  }
]